Time,Cumulative Area,# of Detected Areas
2.4,11.836344322301008,17
10.02,12.355850234740918,18
14.25,15.159099793694063,19
21.22,13.99039888280922,22
