Time,Cumulative Area,# of Detected Areas
1648170616.26,0.3495544282323238,2
1648170621.29,0.3047753587347446,2
1648170627.6,0.3409260779782328,2
1648170634.88,0.3522960370880639,2
