Time,Cumulative Area,# of Detected Areas
1.35,2.6704165918499054,5
8.43,2.85692752533906,5
13.3,3.0176786242353915,6
20.35,3.06445351583579,6
