Time,Cumulative Area,# of Detected Areas
1648168154.88,156.49471858729532,2
1648168160.79,157.24896133579333,2
1648168166.34,158.18356897710512,2
1648168173.15,157.53859498724577,2
