Time,Cumulative Area,# of Detected Areas
2.3,11.725393518974355,18
6.99,13.06870781854051,18
