Time,Cumulative Area,# of Detected Areas
1648166605.32,158.01101731525722,2
1648166613.68,158.78870706693982,2
1648166623.69,158.77132361474827,2
