Time,Cumulative Area,# of Detected Areas
1.55,2.984019487523508,6
6.61,2.9802046115478933,5
13.61,3.182031975927124,7
20.42,3.058819962251097,6
27.61,3.0857787367439142,6
