Time,Cumulative Area,# of Detected Areas
2.41,8.137857058446789,11
6.91,9.131131402928336,13
13.97,8.537602191210427,12
21.04,9.204310752650223,13
28.09,9.142344583470912,16
