Time,Cumulative Area,# of Detected Areas
1648158494.39645,157.14349353522624,4
1648158501.0102928,157.99652003969544,5
