Time,Cumulative Area,# of Detected Areas
1.99,8.75182651094509,12
8.37,10.167788784183013,13
