Time,Cumulative Area,# of Detected Areas
2.96,729.5550251361124,3
4.63,727.0375267902642,4
9.11,1077.7373110571273,2
