Time,Cumulative Area,# of Detected Areas
1648159285.0295382,0.7447356171962677,4
1648159292.5539842,0.8941467667222327,4
