Time,Cumulative Area,# of Detected Areas
1648176342.57,159.06607395328825,4
1648176347.64,159.7361439117856,4
1648176354.57,160.4459774586643,4
1648176361.53,161.0277668972784,4
