Time,Cumulative Area,# of Detected Areas
1648170176.33,158.1883122948454,2
1648170181.0,158.26504015207846,2
