Time,Cumulative Area,# of Detected Areas
1.62,5.209720860587497,6
6.22,6.555150686218091,6
13.23,6.417964901019648,6
