Time,Cumulative Area,# of Detected Areas
1.49,2.305810858900948,6
6.27,2.406509796241902,5
