0.47,X Postion,Y Postion,Radius
,9.25002,13.41072,7.077290723876953
,19.09098,4.75164,0.2316674593734741
""
