0.47,X Postion,Y Postion,Radius
,9.23796,13.41072,7.091118061523437
,19.10304,4.77576,0.22755003559112547
""
