0.47,X Postion,Y Postion,Radius
,9.26208,13.41072,7.091118061523437
,19.10304,4.7637,0.23416526836395263
""
