0.6,X Postion,Y Postion,Radius
,9.2259,13.41072,7.094244946289062
,19.09098,4.78782,0.23198114616394042
""
